﻿<?xml version="1.0" encoding="utf-8"?>
<doc>
  <assembly>
    <name>System.Web.WebPages.Deployment</name>
  </assembly>
  <members>
    <member name="T:System.Web.WebPages.Deployment.PreApplicationStartCode">
      <summary>Web Pages dağıtımı için uygulama başlatma öncesi koduna yönelik bir kayıt noktası sağlar.</summary>
    </member>
    <member name="M:System.Web.WebPages.Deployment.PreApplicationStartCode.Start">
      <summary>Web Pages dağıtımı için uygulama başlatma öncesi kodunu kaydeder.</summary>
    </member>
    <member name="T:System.Web.WebPages.Deployment.WebPagesDeployment">
      <summary>Bu tür/üye .NET Framework altyapısını destekler ve doğrudan kodunuzdan kullanılmaya yönelik değildir.Web uygulamasına ilişkin dağıtım bilgilerini almak için kullanılan yöntemler sağlar.</summary>
    </member>
    <member name="M:System.Web.WebPages.Deployment.WebPagesDeployment.GetAssemblyPath(System.Version)">
      <summary>Bu tür/üye .NET Framework altyapısını destekler ve doğrudan kodunuzdan kullanılmaya yönelik değildir.Web Pages dağıtımı için derleme yolunu alır.</summary>
      <returns>Web Pages dağıtımı için derleme yolu.</returns>
      <param name="version">Web Pages sürümü.</param>
    </member>
    <member name="M:System.Web.WebPages.Deployment.WebPagesDeployment.GetExplicitWebPagesVersion(System.String)">
      <summary>Bu tür/üye .NET Framework altyapısını destekler ve doğrudan kodunuzdan kullanılmaya yönelik değildir.Belirtilen ikili yolundan Web Pages sürümünü alır.</summary>
      <returns>Web Pages sürümü.</returns>
      <param name="path">Web Pages için ikili yolu.</param>
    </member>
    <member name="M:System.Web.WebPages.Deployment.WebPagesDeployment.GetIncompatibleDependencies(System.String)">
      <summary>Bu tür/üye .NET Framework altyapısını destekler ve doğrudan kodunuzdan kullanılmaya yönelik değildir.Web Pages sürümüne bakılmaksızın belirtilen yoldan derleme referanslarını alır.</summary>
      <returns>Web Pages ve sürümünün derleme referanslarını içeren sözlük.</returns>
      <param name="appPath">Web Pages uygulamasının yolu.</param>
    </member>
    <member name="M:System.Web.WebPages.Deployment.WebPagesDeployment.GetMaxVersion">
      <summary>Bu tür/üye .NET Framework altyapısını destekler ve doğrudan kodunuzdan kullanılmaya yönelik değildir.Web Pages yüklü derlemelerin en büyük sürümünü alır.</summary>
      <returns>Web Pages yüklü derlemelerin en büyük sürümü.</returns>
    </member>
    <member name="M:System.Web.WebPages.Deployment.WebPagesDeployment.GetVersion(System.String)">
      <summary>Belirtilen yoldan Web Pages sürümünü alır.</summary>
      <returns>Web Pages sürümü.</returns>
      <param name="path">Uygulamaya ait kök dizinin yolu.</param>
    </member>
    <member name="M:System.Web.WebPages.Deployment.WebPagesDeployment.GetVersionWithoutEnabledCheck(System.String)">
      <summary>Bu tür/üye .NET Framework altyapısını destekler ve doğrudan kodunuzdan kullanılmaya yönelik değildir.Belirtilen yolla yapılandırma ayarlarını kullanarak Web Pages sürümünü alır.</summary>
      <returns>Web Pages sürümü.</returns>
      <param name="path">Uygulama ayarlarının yolu.</param>
    </member>
    <member name="M:System.Web.WebPages.Deployment.WebPagesDeployment.GetWebPagesAssemblies">
      <summary>Bu tür/üye .NET Framework altyapısını destekler ve doğrudan kodunuzdan kullanılmaya yönelik değildir.Bu Web Pages dağıtımı için derlemeleri döndürür.</summary>
      <returns>Bu Web Pages dağıtımı için derlemeleri içeren liste.</returns>
    </member>
    <member name="M:System.Web.WebPages.Deployment.WebPagesDeployment.IsEnabled(System.String)">
      <summary>Bu tür/üye .NET Framework altyapısını destekler ve doğrudan kodunuzdan kullanılmaya yönelik değildir.Web Pages dağıtımının etkinleştirilip etkinleştirilmediğini gösterir.</summary>
      <returns>Web Pages dağıtımı etkinleştirilmişse true, aksi takdirde false.</returns>
      <param name="path">Web Pages dağıtımının yolu.</param>
    </member>
    <member name="M:System.Web.WebPages.Deployment.WebPagesDeployment.IsExplicitlyDisabled(System.String)">
      <summary>Bu tür/üye .NET Framework altyapısını destekler ve doğrudan kodunuzdan kullanılmaya yönelik değildir.Web Pages dağıtımının açıkça devre dışı bırakılıp bırakılmadığını gösterir.</summary>
      <returns>Web Pages dağıtımı açıkça devre dışı bırakılmışsa true, aksi takdirde false.</returns>
      <param name="path">Web Pages dağıtımının yolu.</param>
    </member>
  </members>
</doc>